Code_dep,Nom_departement,pop_pauvres,tx_pauvrete_mon,actifs_etrangers,actifs_francais,actifs_plus_15,alloc_prime_act,alloc_rsa_nb,alloc_rsa_tx,Autres_res_sociales,beneficiaires_apa,beneficiaires_css_nb,beneficiaires_css_tx,Centres_provisoires_accueil,chomage_etrangers_tx,chomage_francais_tx,demandeurs_emplois_longued,demandeurs_emplois_nb,densite,Depenses_aah,Depenses_aide_enfance,Depenses_aides_pers_agees,Depenses_aides_sociales,Depenses_aides_sociales_par_habitant,Depenses_alloc_rsa,disparites_revenus_menages,dossiers_endettement_energie_nb,esperance_vie_65,esperance_vie_naissance,expulsions_locatives_nb,Foyers_jeunes_travailleurs,Foyers_travailleurs_migrants,Immigrés,immigres_europe_nb,immigres_nb,indice_vieillissement,intensite_pauv_mon,logements_nb,Maisons_relais,Montants_aide_jeunesse_attrib,nb_enfants_confies_aide_sociale,nb_menages_fiscaux,nb_mesures_judiciaires_enfants,nb_place_enfants,nb_placements_par_juge,niveau_vie_median,Nombre de demandeurs d'emploi de catégorie A,Nombre de places en pouponnières à caractère social,Non immigrés,part_familles_mono,part_menages_fiscaux,places_accueil_mere_enfant,places_foyers_enfance_nb,Places_heberg_insertion,Places_heberg_stabilisation,Places_heberg_urgences,plus_85_ans,pop_aire_attraction,pop_quartiers_prioritaires,pop_quartiers_prioritaires_tx,population,Population légale des communes,population_etrangere,proj_pop_2050,quartiers_prioritaires_nb,salaire_net_annuel,salaire_net_annuel_cadres,salaire_net_annuel_employes,salaire_net_annuel_femmes,salaire_net_annuel_hommes,salaire_net_annuel_ouvriers,salaire_net_annuel_prof_interm,Service_civique_nb,superficie,tx_activite,tx_chomage_localise,tx_croissance_an,tx_equipement_pour_1000,tx_mortalite,tx_mortalite_infantile,tx_natalite
01,Ain,55462.915,10.7,24599.12,265215.51,289814.63,35006,7986,2.6,802,10518.0,37132.7,5.58,112,16.1,9.35,18610,43980,115.48,77548.0,59232.0,59592.0,278779.0,405.3,51772.0,3.5,392.86,21.450000000000003,83.7,1091.0,114,372,15.83,15917,77227,73.95,20.5,321432,112,194591.0,1619.0,264074,1135.0,394,105.0,23490,22490,20,9.06,13.3,59.6,0,97,181,0,433,18832,91.3,20677.0,3.19,665391,647634,57984,841,9,27303,46687,21069,24139,29580,22430,28915,335,5762,78.2,5.4,0.9,1.24,8.1,3.2,10.5
02,Aisne,75783.712,18.4,5062.46,189885.25,194947.71,39838,18172,7.9,97,12796.0,71975.68,13.73,50,31.65,16.97,25180,51000,71.16,83584.0,73401.0,79396.0,379489.0,710.1,121088.0,3.1,755.07,19.5,79.7,926.0,361,0,27.08,843,24799,90.02,19.6,266922,401,112879.0,2383.0,223635,1935.0,544,170.0,19880,28580,0,16.92,15.7,49.5,75,0,237,20,432,17813,88.0,37067.0,6.95,524403,533316,18200,519,17,25083,43749,20219,22486,26608,22297,28437,1028,7369,72.1,10.5,-0.3,1.74,12.0,4.7,10.1
03,Allier,41015.59,15.4,3066.46,120885.87,123952.33,24505,10216,6.5,24,11336.0,35949.19,10.84,55,30.64,12.98,12990,25880,45.2,45422.0,47707.0,64011.0,248831.0,720.8,70027.0,2.9,344.11,21.15,81.80000000000001,502.0,647,0,26.29,1597,17090,145.28,19.7,208863,94,,1312.0,158967,924.0,353,76.0,20570,13710,0,12.8,14.0,49.0,0,53,114,0,24,17436,85.6,13462.0,3.99,331757,337171,11559,353,6,24350,42903,19700,22169,25882,21610,27516,474,7340,73.0,7.6,-0.4,0.52,13.8,4.1,8.3
04,Alpes-de-Haute-Provence,22112.196,16.6,3109.43,58781.73,61891.16,12379,4357,5.3,131,4271.0,16045.92,9.69,50,21.18,13.69,7420,15540,23.91,19085.0,21551.0,22234.0,93420.0,548.9,28110.0,3.2,77.71,21.15,82.1,274.0,0,0,19.83,977,13106,136.56,20.0,129690,41,56328.0,473.0,74092,311.0,263,29.0,20690,8160,0,13.56,16.3,51.5,6,0,70,0,77,7503,80.3,7069.0,4.31,165582,164068,8858,179,3,25206,42496,19916,22630,27103,21503,27859,125,6925,73.9,8.2,0.2,1.11,12.9,2.2,8.6
06,Alpes-Maritimes,138884.68600000002,15.8,46096.56,390295.46,436392.02,74036,22684,4.6,3506,28861.0,110855.22,10.05,20,21.16,11.95,39110,92820,256.76,126336.0,116577.0,144177.0,632742.0,563.4,162763.0,3.8,461.26,21.05,82.5,3034.0,660,1094,19.75,17856,159014,116.85,22.2,778291,219,,2409.0,527841,1783.0,637,344.0,22300,54030,89,11.63,18.1,60.4,151,174,594,95,521,50344,98.0,63802.0,5.87,1103555,1086219,119111,1118,16,28788,49384,21449,25751,31235,22145,29413,1017,4298,74.7,7.6,0.2,1.39,12.2,2.8,10.2
07,Ardèche,37877.554,14.3,3667.22,122169.89,125837.11,23050,6729,4.2,5,10295.0,26135.18,7.9,60,28.74,13.03,15340,29580,59.84,36396.0,31922.0,54181.0,187986.0,530.3,43732.0,2.9,140.78,21.4,82.85,362.0,197,0,25.37,1313,17328,122.68,19.2,206435,117,128244.0,701.0,143925,473.0,161,43.0,21010,14930,0,12.86,13.8,50.9,0,72,121,5,97,13852,80.6,7642.0,2.34,330865,326606,11874,384,5,25269,43916,20039,22487,27159,21806,27959,293,5529,74.6,8.2,0.4,0.86,11.6,3.0,8.7
08,Ardennes,39234.096,18.6,3288.57,97599.98,100888.55,20186,9995,8.2,541,8221.0,36952.49,13.93,30,23.88,16.22,11940,23930,50.73,42239.0,46587.0,44674.0,226035.0,836.8,69106.0,3.1,233.17,19.75,80.15,504.0,0,23,23.27,552,15581,102.7,20.0,142983,94,45699.0,1251.0,117854,949.0,491,47.0,19840,13420,0,16.1,15.1,47.2,0,126,165,0,222,10000,86.2,20141.0,7.41,265285,271845,10995,238,8,24989,43169,19757,22280,26576,22602,28038,411,5229,72.1,9.5,-0.6,1.89,11.8,3.2,9.1
09,Ariège,22020.58,17.9,2545.57,54763.32,57308.9,12944,6666,8.0,5,4542.0,19961.55,13.04,27,26.32,14.36,6580,14270,31.31,19411.0,16560.0,24456.0,112433.0,717.7,41447.0,3.1,108.12,21.45,82.5,187.0,28,0,22.77,1489,12679,139.27,20.5,110526,49,52086.0,430.0,70184,346.0,524,38.0,20010,8260,0,14.24,16.8,46.7,21,8,44,0,127,7758,83.4,6207.0,4.06,153126,153066,7893,172,3,24058,41218,19288,21533,25768,21616,27119,169,4890,73.9,9.4,0.1,1.39,13.0,1.9,7.8
10,Aube,39881.699,16.3,4389.39,112717.15,117106.53,23485,9630,6.9,136,6942.0,35742.0,11.49,40,35.45,14.96,13380,28030,51.81,38240.0,46449.0,42528.0,214004.0,678.4,67914.0,3.2,236.07,20.7,81.19999999999999,772.0,213,135,29.48,1739,24463,93.08,19.9,166101,91,111925.0,1184.0,132913,905.0,279,80.0,20580,15210,0,14.67,17.1,52.6,27,426,217,0,486,11519,90.6,24570.0,7.93,311083,310020,17566,322,10,24907,43856,19847,22453,26666,21360,27681,385,6004,73.3,9.7,0.2,2.98,10.9,4.7,9.7
11,Aude,61429.614,20.2,7587.24,123509.5,131096.74,31383,16067,8.8,0,8065.0,53098.62,13.98,60,25.25,16.77,16940,35390,61.87,61879.0,69408.0,50986.0,328594.0,846.1,111813.0,3.2,295.15,20.85,82.0,558.0,204,0,23.74,5090,34258,130.35,20.8,265167,135,152853.0,1570.0,166668,1080.0,706,90.0,19550,19780,0,16.62,16.9,45.5,62,60,123,3,281,17029,89.4,25734.0,6.9,379844,372806,23396,439,10,23670,40140,19518,21729,25100,20430,26761,426,6139,71.9,10.3,0.4,1.36,12.7,1.9,8.5
12,Aveyron,31015.914000000004,13.8,4033.42,108081.93,112115.35,19686,4623,3.3,0,10539.0,17902.66,6.39,60,19.36,8.86,7940,17780,32.08,45497.0,34721.0,51149.0,184171.0,629.9,29869.0,2.9,119.12,21.65,83.6,231.0,223,0,17.38,1807,15279,145.06,18.6,182769,72,78061.0,815.0,124877,529.0,346,60.0,20850,8890,0,8.75,11.8,48.9,0,67,47,8,50,15374,79.7,3490.0,1.25,280254,279274,10599,300,2,24092,41057,19776,21909,25711,21451,26957,236,8735,75.2,5.6,0.1,0.47,12.8,3.3,8.0
67,Bas-Rhin,123132.636,13.2,33922.97,462234.96,496157.94,75750,27060,5.2,1251,20062.0,104456.15,9.03,210,23.84,10.55,37920,83740,243.23,137223.0,139759.0,108342.0,629371.0,504.4,188058.0,3.3,609.5,20.950000000000003,82.85,1729.0,612,323,21.9,13215,127404,87.79,20.3,567991,338,,3342.0,479173,2928.0,1322,246.0,22860,44750,0,10.07,14.4,61.0,93,217,611,215,599,34076,90.9,84118.0,7.42,1156546,1133552,92172,1266,21,27717,46334,20660,24563,30034,22774,28802,1379,4755,74.8,6.1,0.5,1.59,8.7,3.4,10.1
13,Bouches-du-Rhône,298660.39200000005,18.3,44076.07,738384.78,782460.85,158491,77906,8.7,6647,40143.0,307483.59,14.91,103,28.97,13.05,85020,191280,405.41,306251.0,265362.0,259769.0,1504862.0,708.5,552548.0,3.8,1073.72,20.85,82.25,5864.0,961,583,25.5,8945,226689,90.65,22.0,1044973,494,,5352.0,870986,3371.0,3238,474.0,21650,114950,25,12.56,20.1,57.4,165,250,1500,137,967,70375,99.0,314254.0,15.45,2062499,2034357,148926,2145,65,29033,48151,20825,25611,31495,22292,29656,2180,5087,70.6,8.8,0.4,1.65,10.2,3.4,11.9
14,Calvados,67456.169,12.1,5975.4,271997.8,277973.19,52579,14042,4.2,285,15554.0,59195.53,8.51,69,28.6,11.88,23090,51350,125.33,75471.0,110170.0,83157.0,409551.0,567.8,94828.0,2.9,473.11,20.85,81.69999999999999,1252.0,824,0,24.5,2988,25908,103.42,18.8,422082,208,107500.0,2833.0,300626,2066.0,1124,155.0,21730,25760,39,11.76,14.3,56.1,87,174,815,28,530,26124,95.5,31434.0,4.53,695310,694056,18235,708,9,25754,45258,20096,23259,27592,21527,27893,958,5548,73.1,6.3,0.1,2.55,10.8,3.4,9.6
15,Cantal,15158.65,13.0,890.18,58423.85,59314.02,11320,2105,3.3,0,4863.0,9282.4,6.48,60,22.4,8.09,2910,6950,25.02,29851.0,14157.0,29214.0,99133.0,657.4,15798.0,2.7,56.52,20.55,81.75,142.0,65,0,19.76,609,3598,158.8,17.9,101953,39,17243.0,333.0,66672,226.0,122,60.0,20690,3290,0,8.03,12.1,48.1,5,0,48,0,37,7629,77.4,1016.0,0.7,143280,144765,2625,143,1,22851,40237,19442,21101,24194,20414,26165,181,5726,75.7,3.9,-0.3,0.73,15.2,4.1,7.2
16,Charente,41110.534,14.6,4835.51,132586.67,137422.18,26390,10237,6.5,11,8807.0,35052.14,10.01,45,24.85,12.96,13740,28450,58.81,49778.0,40010.0,54769.0,230185.0,632.9,79874.0,3.0,262.98,21.1,82.0,547.0,195,0,24.39,6816,20654,131.88,19.6,198920,85,187987.0,1191.0,159178,899.0,231,83.0,20940,14540,0,12.74,14.8,50.8,0,135,213,30,81,16607,76.4,14477.0,4.12,350298,351778,16140,371,6,25364,44549,20199,22957,27120,21857,28137,419,5956,74.8,6.9,-0.1,1.16,12.6,2.6,8.5
17,Charente-Maritime,66788.375,12.5,5631.48,236978.36,242609.84,48326,15911,4.8,0,14693.0,55861.02,8.47,50,24.36,13.56,24670,52030,96.08,104379.0,78597.0,83696.0,400080.0,571.0,97889.0,3.0,454.58,21.4,82.25,997.0,264,0,22.79,4020,23938,150.04,18.8,440935,166,,2016.0,308100,1410.0,481,90.0,21540,25870,0,13.45,14.0,54.3,7,121,290,35,179,32279,84.5,18792.0,2.9,659482,646932,16311,773,7,25000,44779,19967,22579,26824,21221,27691,736,6864,73.7,7.0,0.5,0.95,13.0,2.5,7.8
18,Cher,33247.9,14.0,3311.65,112193.62,115505.27,21277,9433,6.7,117,6779.0,29860.32,10.06,57,31.33,12.81,11120,22850,41.04,52811.0,36474.0,40314.0,214187.0,689.1,63937.0,2.9,347.05,20.3,81.0,452.0,223,74,25.51,1067,16747,131.88,19.7,179430,92,116732.0,1029.0,139241,705.0,0,72.0,21090,12070,0,12.71,14.4,53.1,75,82,118,4,55,13820,90.7,16322.0,5.38,296904,303408,11662,299,4,25256,43974,20174,22632,27075,21451,27789,458,7235,74.2,7.5,-0.5,0.75,13.7,4.2,9.0
19,Corrèze,25041.51,13.0,3513.45,90899.92,94413.37,16777,3296,3.1,0,6495.0,16275.34,6.83,45,21.2,10.11,6890,15950,40.71,46569.0,20862.0,43253.0,148821.0,559.5,22065.0,2.8,177.49,21.05,82.6,267.0,168,0,18.75,1781,14999,147.0,18.0,155041,39,97762.0,569.0,109827,395.0,124,88.0,21170,8110,0,9.97,13.0,52.3,0,39,80,5,60,12449,88.0,5770.0,2.4,238445,240583,10241,244,3,24492,42113,19678,22292,26070,21024,27245,267,5857,74.3,6.0,0.0,0.76,13.9,2.5,7.7
2A,Corse-du-Sud,20866.72,16.0,5741.0,59464.13,65205.12,9242,2668,2.9,62,,7904.89,4.87,0,16.93,10.39,2360,7410,40.44,,,,,,,3.5,90.0,21.950000000000003,83.6,,29,259,16.24,351,15225,125.41,20.2,122005,0,,,60125,,12,,21900,4610,0,10.31,18.2,59.2,0,0,98,0,45,6532,91.7,3674.0,2.33,162314,157853,13764,162,3,25294,42144,20717,23167,26913,21962,29337,100,4014,74.7,5.5,1.0,1.1,10.2,2.7,7.9
21,Côte-d'Or,48243.328,11.2,9253.13,214671.1,223924.23,37556,10053,3.8,631,10994.0,42083.06,7.87,116,26.16,10.42,17550,37950,60.99,81440.0,64361.0,56009.0,300925.0,530.0,63965.0,3.0,353.19,21.7,83.3,886.0,370,150,22.89,3547,38580,100.2,18.9,292479,296,104428.0,1542.0,231439,1244.0,450,103.0,22590,17590,8,10.17,14.1,60.1,24,69,431,0,525,19499,94.2,21999.0,4.13,534424,533220,27601,571,6,26841,45443,20667,24142,28834,21879,28093,809,8763,74.1,7.0,0.1,2.3,9.6,2.7,9.4
22,Côtes-d'Armor,55534.188,11.6,6207.44,222839.2,229046.65,38461,11352,3.7,0,15652.0,38516.82,6.41,64,21.95,11.09,20470,44340,87.43,68073.0,75777.0,87670.0,341524.0,558.6,72721.0,2.8,375.97,20.85,81.3,623.0,670,0,21.28,5312,21175,126.26,18.4,371643,159,215385.0,1733.0,274484,1152.0,518,103.0,21450,21230,12,10.97,12.9,52.8,12,125,163,12,186,28363,78.80000000000001,10815.0,1.8,601354,599584,16338,658,7,24806,44922,20027,22454,26498,21050,27576,431,6878,73.9,7.2,0.1,0.77,13.0,3.3,8.9
23,Creuse,16725.667,18.1,1422.39,41724.5,43146.89,8420,2695,4.7,0,4972.0,11061.33,9.73,40,23.24,11.73,3550,7630,20.43,22365.0,15111.0,34213.0,102448.0,893.3,19315.0,3.0,138.62,20.450000000000003,80.75,99.0,272,0,21.15,2272,5935,180.22,20.0,88646,28,15763.0,413.0,55436,335.0,22,23.0,19690,4300,0,11.69,13.9,44.6,0,30,29,2,35,6778,63.4,2004.0,1.71,113711,117503,4870,122,1,22679,38406,19336,21414,23617,20136,25929,123,5565,73.1,6.6,-0.6,0.71,16.9,3.4,7.1
79,Deux-Sèvres,36135.79,12.2,4277.43,149640.71,153918.15,25697,6725,4.1,8,8360.0,28179.95,7.53,50,27.61,10.12,10420,23810,62.41,50507.0,43157.0,46415.0,205307.0,536.6,46906.0,2.8,380.94,21.35,81.94999999999999,373.0,398,0,24.34,3802,16876,110.29,18.2,195568,83,43694.0,1237.0,164372,977.0,211,39.0,21080,11240,0,10.01,11.9,51.0,9,83,94,32,72,16978,84.6,8261.0,2.2,374426,374799,13160,411,5,25871,45055,21327,24438,26906,20905,27681,360,5999,76.8,5.2,0.1,0.68,11.9,3.5,8.7
24,Dordogne,53368.0,16.0,6832.77,145856.93,152689.7,31255,10629,5.3,0,13488.0,37132.19,9.03,50,20.66,13.11,14010,30560,45.37,46761.0,57919.0,70925.0,278371.0,663.1,71356.0,3.0,292.79,20.8,81.4,514.0,250,0,19.77,8165,27266,166.49,19.9,261104,208,,1636.0,189606,1221.0,656,135.0,20400,16060,0,13.02,14.1,48.2,0,60,170,21,85,22613,68.2,7635.0,1.85,411087,413418,21574,446,5,23680,40859,19703,21904,25014,20858,26716,522,9060,73.4,7.9,-0.1,0.82,15.1,2.9,7.3
25,Doubs,52332.37899999999,12.1,9025.93,216081.23,225107.16,33369,12911,5.0,748,10036.0,48830.96,8.92,45,28.97,11.04,18950,40730,104.62,74264.0,58148.0,57620.0,308587.0,541.9,85319.0,3.3,360.61,21.3,82.85,833.0,327,130,24.24,7455,45662,84.5,19.1,283778,134,170231.0,1522.0,233284,1186.0,513,94.0,22750,20970,0,10.7,14.7,59.2,0,98,507,0,316,18090,90.3,41871.0,7.73,547572,541454,30158,613,13,25952,44128,20382,23032,28042,22272,27639,864,5234,74.7,7.0,0.3,1.99,9.0,4.4,10.3
26,Drôme,60305.154,14.6,8226.86,196260.21,204487.07,37491,11394,4.7,508,13820.0,45878.83,8.75,56,29.05,12.76,23400,48010,80.32,75545.0,70127.0,71853.0,330223.0,609.6,77441.0,3.1,243.81,21.55,83.1,989.0,320,0,25.22,2374,39615,96.84,19.1,277777,120,41937.0,1850.0,224412,1379.0,461,94.0,21260,24260,0,12.46,14.7,53.5,0,2856,166,0,390,19125,88.9,30230.0,5.87,524506,514732,26696,597,12,26583,45513,20611,23382,28824,21734,28434,485,6530,75.3,6.7,0.7,1.39,9.9,2.7,10.1
91,Essonne,134867.32,13.3,66415.22,505504.87,571920.09,74615,30159,4.9,4137,12680.0,118535.87,9.01,401,19.95,9.6,35530,89130,729.16,179400.0,176696.0,99461.0,699594.0,513.6,197294.0,3.5,566.41,21.55,83.3,3755.0,551,2733,17.6,7895,217295,58.18,21.2,570417,221,270207.0,3290.0,511181,1939.0,1030,163.0,24010,56470,18,9.14,18.0,70.1,100,218,565,501,1504,32488,100.0,149866.0,11.56,1315404,1296641,165125,1430,39,32018,50762,22291,29172,33967,22780,30550,1489,1804,76.0,6.3,0.6,2.68,6.8,3.6,14.0
27,Eure,58280.75,12.5,7222.75,236889.03,244111.77,38475,13748,5.0,125,9008.0,54929.41,9.25,100,28.09,12.47,21940,45870,98.33,61495.0,68048.0,49584.0,294069.0,482.0,88927.0,2.9,650.75,20.35,81.30000000000001,1243.0,446,203,24.21,1618,30992,83.74,18.8,298148,205,77864.0,2208.0,248333,1536.0,544,159.0,21790,22950,0,12.3,14.7,58.0,0,128,389,0,263,17419,89.9,30519.0,5.09,593885,599962,22119,669,11,27368,46970,20782,24401,29363,23067,29815,650,6040,75.4,6.1,0.1,1.46,10.0,3.1,10.3
28,Eure-et-Loir,39706.73,11.9,8098.23,168746.85,176845.09,26669,8828,4.4,556,7719.0,35508.79,8.3,40,26.25,11.34,15560,32530,72.75,64266.0,57765.0,38142.0,240127.0,532.1,58145.0,2.9,418.36,20.8,81.65,820.0,250,76,22.51,1297,32067,87.51,19.2,217440,116,5210.0,1362.0,181980,946.0,585,99.0,22180,16890,0,11.13,13.5,59.7,14,193,126,10,97,15233,92.1,25360.0,5.87,427776,431997,23131,467,10,27448,46723,21090,24677,29338,22566,29006,391,5880,76.3,6.1,-0.1,0.72,10.5,4.4,10.4
29,Finistère,77043.82400000001,10.4,7342.42,352090.25,359432.67,62167,17208,3.7,107,20856.0,57597.5,6.24,75,29.81,11.53,31290,67450,137.06,151120.0,103458.0,113667.0,550230.0,588.7,115438.0,2.8,433.72,20.95,81.45,892.0,778,0,26.33,4157,28722,115.15,18.5,549039,260,654287.0,3010.0,414985,1852.0,1309,112.0,21970,32350,0,11.41,13.7,55.0,45,204,225,10,299,38952,90.1,21722.0,2.38,922797,911735,20650,995,9,25397,43870,19929,22872,27282,21156,27331,836,6733,72.9,6.5,0.2,0.74,11.5,3.7,8.9
30,Gard,117903.408,19.6,11926.52,258637.98,270564.51,59670,31432,8.8,0,14729.0,105182.32,13.96,50,31.58,15.81,35040,73410,128.73,81827.0,104527.0,94480.0,532681.0,692.9,203505.0,3.4,404.33,21.05,82.25,1608.0,615,104,28.14,4008,66858,109.08,21.3,431684,214,117725.0,1726.0,328258,1239.0,1128,111.0,20240,42560,0,15.46,17.0,50.0,0,438,184,57,486,28200,93.1,76378.0,10.25,753436,745458,44135,845,18,26131,44824,20053,23168,28235,21693,28382,1079,5853,71.1,10.0,0.3,1.24,10.8,4.1,9.9
32,Gers,22654.905,14.7,3489.19,72397.38,75886.57,12986,4096,4.3,25,6310.0,15529.11,8.08,0,18.76,10.19,5700,12510,30.73,36667.0,31636.0,41974.0,153478.0,746.4,28553.0,3.0,131.42,22.1,83.15,185.0,122,0,18.11,2856,13723,148.56,19.6,111536,36,54942.0,759.0,85940,599.0,347,37.0,20950,6250,0,10.04,14.2,49.5,0,0,28,7,66,10571,76.8,2358.0,1.23,192279,191283,9963,216,1,25328,44132,20047,22841,27182,20678,27246,235,6257,75.5,5.7,0.1,0.65,12.9,4.5,7.8
33,Gironde,169476.552,12.6,36915.55,648284.27,685199.82,119643,40700,5.0,665,34998.0,138689.3,8.25,120,23.71,11.91,60720,135780,168.13,260537.0,264603.0,176679.0,1047600.0,602.2,269099.0,3.2,982.71,21.55,83.19999999999999,2732.0,1392,0,21.64,6926,123201,87.78,20.3,886986,247,,5375.0,714697,3306.0,1979,387.0,22640,70930,0,11.74,16.2,60.0,150,187,333,132,747,55140,94.3,73273.0,4.57,1681330,1601845,94865,1968,23,28251,46541,20786,25108,30640,21718,28335,2122,10000,74.7,6.7,1.3,0.93,8.8,3.4,10.4
2B,Haute-Corse,30236.184,19.8,6828.57,63259.68,70088.25,12193,4006,4.0,0,,12373.53,6.61,0,17.32,11.84,2980,9020,40.11,,,,,,,3.5,91.3,21.6,83.45,,0,0,16.43,749,18474,117.76,21.1,133540,55,,,66783,,82,,20150,5580,18,11.81,20.4,50.7,20,0,71,0,41,6656,80.6,11488.0,6.36,187151,180701,17240,223,2,24606,41095,20525,22562,26152,21683,28286,201,4666,69.5,6.2,1.0,0.75,9.9,3.0,7.5
31,Haute-Garonne,152985.492,13.2,36878.47,579992.84,616871.31,112337,37977,5.4,1186,27951.0,153008.78,10.54,98,25.85,11.31,55310,127440,230.16,195182.0,192379.0,149367.0,899113.0,599.6,242931.0,3.5,804.56,21.9,83.85,3186.0,1114,17,23.43,8345,143463,73.27,20.7,740546,276,336987.0,3777.0,604769,2266.0,1593,274.0,23380,68390,0,10.84,16.7,61.4,82,223,565,133,1883,41755,98.4,70068.0,5.07,1452055,1380672,96479,1767,19,30548,46469,20658,26691,33208,21830,28422,2145,6309,75.3,7.5,1.3,2.33,7.3,3.0,11.0
43,Haute-Loire,21620.515,11.9,1749.78,90520.45,92270.23,15699,3211,3.0,154,7574.0,14317.95,6.3,60,27.24,9.78,7350,15650,45.65,31660.0,25968.0,34808.0,129687.0,549.7,20546.0,2.7,168.74,21.05,82.55,196.0,0,0,23.99,950,8071,116.77,17.2,143916,73,7957.0,734.0,102014,612.0,306,28.0,21000,7250,0,9.62,12.0,48.7,0,17,100,9,113,9531,77.3,2617.0,1.15,227224,227552,5495,246,2,24085,40902,19858,21709,25761,21518,26860,257,4977,75.3,5.6,0.1,1.25,12.0,1.5,8.8
52,Haute-Marne,19833.628,14.8,1241.55,65219.92,66461.46,12236,4333,5.6,161,3580.0,16722.73,10.05,50,30.46,12.54,5240,11790,26.78,27558.0,21446.0,25787.0,112045.0,655.9,28499.0,2.8,176.04,20.200000000000003,80.25,268.0,0,0,24.93,571,6963,129.24,18.4,100382,115,3575.0,656.0,78315,542.0,256,39.0,20420,5820,0,12.46,13.7,49.6,0,0,109,8,185,7310,84.0,10181.0,5.85,166343,174069,4720,163,4,24083,42072,19750,21729,25537,21882,27447,218,6211,73.3,6.1,-0.8,2.28,13.9,4.2,8.6
05,Hautes-Alpes,15811.528,13.9,1932.93,56276.62,58209.55,10633,3233,4.2,18,3018.0,10270.23,7.28,50,23.33,9.66,6240,13230,25.42,22452.0,11728.0,18685.0,86933.0,600.7,19839.0,3.0,73.39,21.55,83.15,205.0,161,0,19.54,724,8065,126.79,19.2,137644,48,42093.0,306.0,64688,225.0,115,23.0,21020,6300,0,9.55,15.0,54.2,4,0,37,0,75,5733,86.69999999999999,1316.0,0.94,141059,140698,5231,160,1,24008,39825,19960,22144,25450,21544,26879,102,5549,75.8,7.0,0.2,1.0,11.2,2.2,8.8
70,Haute-Saône,24036.312,12.9,2007.15,91607.15,93614.3,15286,4186,3.9,53,4974.0,17115.22,7.36,50,24.99,11.61,7740,16510,43.38,20250.0,34710.0,23386.0,118481.0,501.3,28495.0,2.7,132.75,20.45,81.30000000000001,288.0,219,60,21.19,1263,10571,111.76,17.6,128450,29,51947.0,875.0,104162,735.0,411,71.0,20840,8220,0,11.51,13.8,51.4,15,0,46,0,101,8853,91.6,6883.0,2.92,232531,236018,6735,240,5,24731,43154,20076,22330,26363,21918,27316,275,5360,74.4,6.4,-0.3,0.81,11.6,3.4,8.4
74,Haute-Savoie,62923.50600000001,9.4,35723.25,353365.92,389089.17,36076,9281,2.1,1609,12623.0,36393.65,4.28,85,16.32,8.74,24110,59830,193.74,116664.0,102984.0,70013.0,377476.0,435.7,57553.0,4.2,288.36,21.85,84.2,1774.0,657,0,16.22,30382,105066,72.36,22.4,525404,195,195671.0,1389.0,348025,1082.0,1339,150.0,26540,32870,29,8.36,14.7,62.5,86,70,289,25,589,22092,96.2,10947.0,1.34,850125,816699,80650,1071,6,28046,47661,21506,24766,30529,24072,29314,309,4388,80.3,5.7,1.2,1.41,7.1,3.2,11.7
65,Hautes-Pyrénées,27542.361,14.7,3088.23,83507.01,86595.24,17061,5650,5.2,0,9462.0,23542.14,10.19,55,28.62,12.6,8340,18500,51.75,35689.0,29040.0,61007.0,184914.0,738.6,41231.0,2.9,139.02,21.3,82.3,325.0,129,0,25.41,1857,15348,144.56,19.3,163634,119,64954.0,692.0,103905,526.0,130,0.0,20720,9820,0,12.39,16.5,50.2,12,15,67,61,177,11716,89.4,8037.0,3.51,231014,229191,9856,225,4,23934,40966,19463,21677,25716,21018,27288,271,4464,72.6,7.9,0.1,1.64,13.2,2.5,7.9
87,Haute-Vienne,46051.43,15.5,6480.13,136589.07,143069.21,28039,10227,6.1,128,8078.0,40635.43,10.99,50,32.48,11.14,11540,25370,66.99,70469.0,40746.0,48319.0,250692.0,636.6,67904.0,3.1,248.02,21.8,82.7,515.0,143,0,29.02,6100,27998,125.06,20.2,221194,90,123923.0,905.0,169467,688.0,246,135.0,21100,13210,12,10.77,14.9,52.4,23,34,155,8,175,17519,91.7,25143.0,6.74,369805,373199,23141,399,9,25181,42740,19811,23168,26600,21174,27047,591,5520,72.1,6.4,-0.2,1.15,11.4,4.5,8.6
68,Haut-Rhin,79903.46,13.0,24157.64,295225.55,319383.19,43955,15858,4.7,1639,13056.0,58481.72,7.61,100,24.85,12.22,26240,57010,218.03,101093.0,99632.0,67535.0,421273.0,523.0,110953.0,3.7,560.78,21.1,82.95,1469.0,0,3,23.23,15747,93425,94.29,19.8,382805,307,,2345.0,322064,1660.0,705,183.0,23300,31450,51,11.79,14.4,61.5,168,75,406,234,898,24842,96.6,66464.0,8.69,768557,764981,69994,812,10,26630,46165,20335,23289,29057,22851,28850,783,3525,75.6,7.0,0.2,2.59,9.2,3.8,9.5
92,Hauts-de-Seine,153907.46,11.9,95592.13,672463.7,768055.83,70046,33317,3.7,3303,16957.0,113679.64,6.92,460,17.78,9.43,51160,113060,9335.68,179680.0,245350.0,125621.0,894271.0,527.8,197380.0,4.9,403.18,22.1,84.5,3696.0,2166,2782,16.14,14497,300589,63.54,23.3,807711,441,458460.0,3263.0,694591,1823.0,1276,194.0,28310,74400,48,8.87,19.1,74.8,253,451,1094,428,1135,43425,100.0,103151.0,6.37,1643080,1619120,204832,1868,21,44937,62519,23394,40193,48839,21991,32637,1265,176,78.8,6.0,0.3,2.15,6.5,3.1,13.0
34,Hérault,185023.14,19.0,24549.15,411896.95,436446.1,102902,42157,7.2,705,32842.0,171246.63,14.06,60,30.66,15.74,56940,123940,199.6,161527.0,167176.0,180987.0,873122.0,705.5,285922.0,3.5,589.3,21.4,82.7,2405.0,786,463,27.41,7466,120125,99.41,21.5,739737,344,504257.0,3076.0,519281,2134.0,1284,201.0,20640,70100,0,15.39,18.3,52.1,18,221,444,63,859,43651,96.1,103094.0,8.89,1217787,1159220,83897,1383,22,26578,44259,20118,24019,28514,20885,27767,1955,6101,70.9,10.2,1.2,1.45,9.9,2.9,10.3
35,Ille-et-Vilaine,89969.77900000001,10.3,14212.74,447808.68,462021.42,74903,18862,3.5,559,21115.0,81092.82,7.32,124,27.99,9.67,35530,80280,163.52,151774.0,159824.0,124415.0,624403.0,554.2,119195.0,2.9,693.51,21.7,83.1,1198.0,1430,52,24.75,4537,51177,75.82,18.7,561343,358,410992.0,3741.0,454126,2552.0,1260,173.0,22460,36930,20,9.46,12.8,57.5,44,190,390,23,445,35674,95.0,37555.0,3.51,1107860,1069228,39625,1362,7,27052,45145,20436,24150,29115,21454,27278,1301,6775,74.7,5.2,1.0,1.03,8.3,3.6,10.6
36,Indre,25046.865,14.5,2294.75,80404.78,82699.52,15766,5335,5.6,69,4597.0,20109.93,9.35,40,27.09,12.09,7470,15980,31.66,29971.0,20144.0,31787.0,130100.0,523.8,36470.0,2.8,217.23,20.6,81.65,383.0,158,0,23.71,1361,10018,150.62,19.0,138826,77,38916.0,635.0,102911,520.0,170,34.0,20370,8140,0,11.97,14.3,48.7,9,36,110,0,174,11633,78.0,8957.0,4.06,215031,220595,6953,205,4,23961,40936,19782,22091,25343,21419,27086,369,6791,74.0,7.0,-0.7,1.64,14.9,2.7,8.4
37,Indre-et-Loire,61531.218,12.6,8905.51,238979.19,247884.7,44910,14277,4.9,155,12363.0,56215.38,9.16,84,31.7,11.43,23090,49270,100.12,80169.0,71013.0,68216.0,345543.0,538.2,94634.0,3.1,388.07,21.700000000000003,82.85,956.0,788,321,27.85,2983,39030,99.07,20.1,328095,180,299000.0,1543.0,272234,1278.0,510,73.0,22000,23430,0,11.08,13.9,56.3,0,146,142,94,456,23835,92.1,37250.0,6.13,613406,607760,28160,693,12,27093,46130,20416,24098,29291,21522,27824,838,6127,74.5,6.3,0.3,1.46,10.1,4.9,9.9
38,Isère,116480.395,11.5,28565.86,511901.27,540467.13,79113,22762,3.9,2306,25084.0,98299.63,7.64,121,23.74,10.14,37870,88920,173.05,161025.0,140582.0,160415.0,668571.0,508.6,149165.0,3.1,767.1,21.65,83.85,2258.0,1031,0,20.57,7193,124530,77.71,19.1,659031,237,279547.0,3168.0,526917,2073.0,1084,218.0,23030,48180,30,9.84,14.5,61.2,63,120,904,0,1518,38533,90.7,65694.0,5.2,1285915,1263563,81904,1511,26,29595,47424,21164,25825,32072,23151,29271,1069,7431,75.2,5.9,0.5,2.51,8.1,3.4,10.7
39,Jura,23399.982000000004,11.4,3624.15,102980.31,106604.46,15658,3742,3.1,0,5249.0,16860.56,6.56,50,22.33,9.61,7300,16740,51.44,43722.0,31625.0,31468.0,147283.0,528.1,25697.0,2.9,210.87,21.0,82.35,306.0,167,0,18.95,2145,15273,113.4,17.8,150475,92,,944.0,116450,789.0,352,45.0,21880,7630,0,9.5,13.5,55.9,1,19,104,41,192,10653,86.9,8618.0,3.32,257128,259746,10718,271,4,25358,43632,20461,22420,27408,22294,28378,227,4999,75.7,4.9,-0.1,1.68,11.8,4.9,8.5
40,Landes,39125.415,11.5,5466.87,156545.88,162012.74,30495,8264,4.0,0,10486.0,27962.48,6.62,45,22.11,12.66,15430,34220,45.69,47618.0,50696.0,68779.0,243499.0,563.0,54916.0,2.8,285.3,21.75,82.95,500.0,300,0,20.89,1516,21060,130.45,18.3,262370,123,,1439.0,189703,865.0,227,196.0,21620,16280,0,12.54,14.0,54.9,64,44,70,8,100,18323,85.6,7884.0,1.92,422332,410355,14451,472,5,24778,44317,20118,22344,26518,21338,27625,460,9243,75.2,6.9,0.7,0.53,11.3,3.4,8.1
42,Loire,90647.263,15.1,12742.97,280470.95,293213.92,53732,17380,5.1,514,22162.0,82015.88,10.69,80,33.62,11.64,26650,59210,160.54,116795.0,106366.0,93961.0,473014.0,600.8,116799.0,3.0,580.52,21.4,83.35,1274.0,509,0,29.04,4214,66012,95.82,19.6,401112,194,,2531.0,330038,1774.0,816,262.0,20930,30510,23,11.26,13.6,51.2,79,34,459,13,409,30898,92.6,45089.0,5.91,767549,763441,48845,834,19,26015,43769,20414,22953,28019,22165,28463,818,4781,73.0,7.0,0.2,1.51,10.3,3.2,10.5
44,Loire-Atlantique,117363.616,10.1,18656.84,593536.38,612193.22,100591,30814,4.3,1413,25101.0,109941.2,7.44,124,31.29,10.28,50240,110500,216.88,163486.0,165543.0,134463.0,754066.0,502.7,207900.0,2.9,540.33,21.25,82.75,1956.0,1669,0,26.88,4972,70733,76.43,19.2,764010,379,193322.0,3094.0,618356,1927.0,1950,280.0,22910,52870,0,10.04,13.4,59.5,156,176,850,77,1109,44812,95.5,65366.0,4.63,1478101,1412502,52433,1774,19,28105,44991,20661,24675,30545,22055,27932,1602,6815,76.0,5.7,1.2,1.83,8.5,2.8,11.4
45,Loiret,71150.345,13.3,17343.05,259683.31,277026.36,47070,16451,5.4,376,11501.0,69984.25,10.2,60,26.54,11.53,25940,55960,101.28,80549.0,74356.0,67207.0,350154.0,495.4,108292.0,3.1,567.24,21.0,82.35,1453.0,411,266,23.56,2691,68696,83.4,19.3,348977,183,80647.0,2016.0,288275,1607.0,291,106.0,22050,27820,0,11.1,14.7,60.0,35,107,284,60,524,23591,91.3,48579.0,7.16,686200,678845,50903,731,19,27252,45860,20725,24616,29147,22155,29067,845,6775,75.5,7.0,0.4,1.69,9.9,3.2,10.9
41,Loir-et-Cher,32215.375,12.5,5402.52,124015.91,129418.43,21858,7407,5.0,0,10031.0,28138.0,8.64,50,25.89,10.94,11250,23430,51.33,45347.0,41836.0,48256.0,211217.0,629.4,51681.0,2.9,217.83,21.3,82.55000000000001,570.0,473,0,23.34,1075,20809,119.88,19.4,185077,122,65358.0,1045.0,147187,761.0,375,55.0,21530,11030,0,10.73,12.8,55.4,23,6,247,22,240,15773,85.2,15160.0,4.59,325598,330248,16593,337,3,25643,45448,20232,23134,27455,21582,28224,323,6343,75.1,6.0,-0.1,2.0,12.1,2.5,9.2
46,Lot,20941.112,14.8,2911.65,62759.81,65671.46,12722,4260,4.5,0,6508.0,25454.76,14.59,20,20.02,12.26,6210,13490,33.45,27058.0,20809.0,39051.0,123064.0,699.2,27708.0,3.0,127.69,22.15,82.7,169.0,208,0,18.5,2617,12085,177.44,20.1,119499,85,15370.0,354.0,79972,310.0,129,24.0,20940,6980,0,12.18,13.1,50.1,0,19,61,0,69,10139,81.2,1372.0,0.79,174522,173929,8760,187,1,24373,41727,19521,22183,26087,20943,26694,200,5217,74.9,7.2,0.0,0.91,13.2,4.5,7.1
47,Lot-et-Garonne,44072.28,16.8,7625.49,116773.53,124399.01,25907,9804,6.4,11,7878.0,34366.46,10.44,50,23.83,13.11,12820,27230,61.39,47073.0,49912.0,50555.0,233392.0,683.7,65778.0,3.0,367.96,21.5,82.5,461.0,294,0,22.49,4057,31168,130.55,19.1,187058,242,76375.0,1004.0,148085,672.0,441,195.0,20110,13630,0,12.86,14.9,47.6,18,72,147,29,30,16091,85.8,11351.0,3.42,329135,331970,22817,363,7,24148,42367,19866,22160,25644,20879,27478,400,5361,74.0,7.5,-0.1,0.79,12.5,3.2,8.6
48,Lozère,9086.952,14.7,1308.56,29853.89,31162.45,6039,1360,3.2,0,2538.0,5071.15,6.62,0,17.9,8.98,1790,4000,14.82,14190.0,9219.0,12003.0,50820.0,643.9,8516.0,2.8,32.5,20.15,81.65,70.0,0,0,18.01,333,3881,133.32,19.5,61547,37,20044.0,182.0,33397,142.0,103,9.0,20550,1900,6,8.81,12.0,49.0,8,0,16,10,56,3619,63.2,0.0,0.0,76573,76520,3022,87,0,22646,37537,19531,21301,23750,20446,25521,61,5167,74.4,4.7,0.0,1.34,14.6,3.0,8.2
49,Maine-et-Loire,74049.84,11.4,8024.53,328294.69,336319.22,61120,15422,4.2,227,13507.0,64358.69,7.8,139,36.96,10.98,31540,67060,115.17,96479.0,118099.0,90541.0,458512.0,544.4,107181.0,2.7,383.95,22.4,83.9,1549.0,1233,216,32.11,2852,34991,89.34,18.3,400508,275,263372.0,2782.0,342139,2138.0,1462,189.0,21300,31180,24,10.7,11.8,51.8,38,135,342,95,401,33443,96.3,43851.0,5.37,825241,815883,26404,985,13,25322,44684,20164,22609,27290,21078,27364,1055,7166,75.5,6.3,0.4,1.34,8.9,3.9,10.7
50,Manche,44632.254,11.4,3172.0,194585.18,197757.18,31596,7764,3.2,0,10746.0,31704.45,6.45,50,24.49,10.07,13070,29770,82.74,73336.0,63495.0,58479.0,268537.0,520.9,49728.0,2.7,391.43,21.05,81.65,669.0,857,0,22.07,3914,12719,125.77,17.6,299656,119,158710.0,1860.0,225657,1290.0,337,84.0,21250,14470,0,10.01,12.0,51.6,27,517,316,0,72,23851,81.1,14977.0,3.02,491281,495983,9651,504,7,25288,43949,19939,22415,27221,21948,27881,475,5938,74.7,5.0,-0.2,1.0,12.7,3.0,8.9
51,Marne,64993.64,14.5,8113.57,222783.75,230897.32,42680,14803,5.8,1613,8109.0,61035.42,10.85,30,32.31,12.16,20740,44380,68.92,67200.0,70201.0,49982.0,307870.0,534.7,97937.0,3.3,524.02,20.6,81.4,1401.0,0,31,27.52,2401,37021,87.9,19.9,297288,157,124279.0,1550.0,244800,1257.0,612,49.0,21750,21330,0,11.88,15.5,58.3,24,132,306,19,719,18053,95.2,47754.0,8.42,562545,567462,26492,635,12,27011,46412,20567,24208,29006,22761,28827,617,8162,73.3,7.1,-0.1,2.43,10.0,4.3,10.6
53,Mayenne,27003.723,11.3,2981.47,124556.71,127538.18,20426,3917,2.9,92,6286.0,20067.75,6.56,75,25.54,8.45,8150,18660,59.1,47513.0,37140.0,33500.0,151175.0,437.4,28396.0,2.6,293.26,21.65,83.6,407.0,555,0,22.6,2846,11098,96.63,18.0,158083,65,169951.0,1019.0,130020,732.0,207,37.0,21000,8510,0,8.32,10.3,50.2,0,0,99,6,195,13521,87.80000000000001,6356.0,2.07,305870,307084,8761,339,3,24553,43792,20079,22200,26164,21364,27243,316,5175,76.3,4.8,0.0,1.29,10.6,2.9,9.7
54,Meurthe-et-Moselle,88179.6,15.0,13895.5,278363.4,292258.9,52027,21639,6.1,1051,13969.0,73443.15,10.05,30,28.26,12.56,24170,52000,139.35,85547.0,113264.0,91525.0,480592.0,640.3,143663.0,3.3,497.65,20.450000000000003,81.55,1344.0,425,1358,24.88,4339,65380,90.02,21.6,379680,246,80489.0,2479.0,310179,1709.0,650,324.0,21790,29910,73,12.28,16.3,52.7,69,383,715,31,907,24238,94.1,49489.0,6.75,731006,733469,45695,735,18,26380,44558,20109,23629,28371,22125,27964,1080,5246,71.2,7.1,0.1,2.93,10.1,3.4,9.2
55,Meuse,20554.992,14.4,2049.18,70110.57,72159.75,12160,4908,5.7,129,3963.0,15485.81,8.69,20,19.81,12.94,6120,12940,28.68,25973.0,35470.0,25468.0,135207.0,730.5,31279.0,2.8,175.41,20.05,81.1,174.0,0,0,18.47,665,8800,112.78,18.8,99834,58,,833.0,79250,635.0,259,68.0,20830,7240,24,12.88,14.6,50.2,25,107,165,0,167,6979,71.0,5451.0,2.94,178156,185355,6179,166,3,24553,42947,19812,21872,26214,22219,27991,235,6211,73.6,7.2,-0.7,2.38,12.5,1.9,8.7
56,Morbihan,67812.8,11.0,6328.98,286119.61,292448.59,50037,13622,3.5,53,16053.0,45308.98,5.88,56,26.91,11.66,24150,53950,112.99,83880.0,73187.0,99493.0,389796.0,497.4,96075.0,2.8,399.06,21.1,82.1,639.0,697,0,24.19,5272,25045,121.59,18.9,472749,164,432310.0,1681.0,346518,1160.0,641,80.0,21830,25200,24,11.55,12.8,55.0,34,20,182,18,208,33211,79.6,18223.0,2.41,770921,754867,19267,890,9,25292,45669,20071,22688,27174,21313,27651,650,6823,73.3,5.9,0.5,0.68,11.7,2.2,8.8
57,Moselle,131184.612,15.6,26200.97,401462.26,427663.23,61169,25476,5.2,1264,19312.0,87681.12,8.4,70,21.7,12.5,37090,79700,168.02,85297.0,112981.0,101444.0,527004.0,497.5,177816.0,3.5,543.17,19.95,81.3,1630.0,727,1168,20.97,10192,113784,96.57,21.5,523268,381,264358.0,2589.0,436595,1956.0,1272,246.0,21820,45100,0,12.17,15.3,49.8,113,372,609,41,657,33550,95.1,64150.0,6.15,1044398,1043524,78024,1043,24,25986,45307,19868,22616,28439,22352,28601,1002,6216,72.9,7.3,0.0,1.6,10.6,3.7,9.3
58,Nièvre,24960.115,15.5,2221.68,70003.42,72225.09,13989,5777,6.0,301,6902.0,20143.07,10.1,40,25.23,12.65,5650,12580,29.25,35935.0,40437.0,40421.0,175348.0,769.6,39267.0,2.9,215.29,20.3,80.55000000000001,282.0,0,0,22.75,1028,10617,163.34,19.9,141411,57,56999.0,1014.0,97127,755.0,62,44.0,20510,6570,14,12.55,14.2,50.5,28,54,114,7,44,10937,79.9,8327.0,4.05,199373,205828,8070,197,5,24201,42434,19611,21928,25795,21386,27266,232,6817,70.8,6.4,-0.9,1.02,16.2,4.3,7.9
59,Nord,386858.43,18.9,39155.0,944982.16,984137.16,207740,103670,9.2,1715,49655.0,407817.56,15.64,160,31.62,16.32,108130,240630,453.92,370052.0,475520.0,316595.0,2071702.0,785.3,711356.0,3.4,2992.4,19.6,80.5,5276.0,1295,809,28.66,4798,182569,71.24,19.7,1232504,1011,1118209.0,12638.0,1062524,9287.0,3234,826.0,20290,141420,90,16.1,17.9,51.3,378,95,2319,338,3441,71812,97.9,361125.0,13.86,2606873,2606234,138091,2750,91,27241,45397,20203,24379,29094,21611,27915,5286,5743,70.8,9.3,0.1,3.14,9.5,3.5,11.4
60,Oise,84045.04800000001,12.9,16633.27,325713.61,342346.87,53354,20736,5.4,1237,9844.0,83644.44,10.04,70,25.63,12.52,29140,64020,142.15,112213.0,88712.0,55417.0,433548.0,514.3,150438.0,3.1,641.23,20.3,81.35,1256.0,718,502,22.21,2769,69625,71.55,19.3,378048,202,39809.0,2189.0,330324,1568.0,907,350.0,22250,35330,0,12.3,15.6,61.1,76,104,448,43,878,21432,96.1,68875.0,8.33,833013,827153,50414,896,18,28896,50130,21545,25655,31077,23255,30046,1078,5860,74.6,7.3,0.3,2.21,8.9,3.9,11.0
61,Orne,32814.414,15.1,2825.27,102169.02,104994.29,19334,7097,5.4,34,8871.0,25590.96,9.37,0,25.43,12.24,8370,18750,44.77,37206.0,36590.0,49940.0,186876.0,670.9,46703.0,2.8,259.49,20.65,81.30000000000001,550.0,333,0,23.9,1971,11968,129.46,19.3,165100,65,,1198.0,123862,903.0,124,77.0,20350,9640,0,12.1,12.8,48.2,39,28,62,0,81,13635,80.4,14154.0,5.03,273214,281593,9194,268,7,23928,43303,19704,21854,25406,21349,27123,278,6103,73.1,6.5,-0.5,0.66,13.8,3.5,8.0
75,Paris,268159.8,15.0,152679.5,925195.06,1077874.57,101430,68213,5.0,13660,23591.0,200803.51,9.38,905,16.9,10.24,95600,190760,20380.07,248641.0,361446.0,193530.0,1386013.0,634.2,440464.0,6.3,528.39,22.3,84.19999999999999,5877.0,4503,1892,16.3,27771,438231,94.11,26.5,1389375,1580,810390.0,4809.0,1037197,2795.0,941,174.0,28570,115010,0,9.7,19.0,73.4,691,339,3339,2617,6953,59257,100.0,142981.0,6.57,2139907,2175601,309006,2221,20,46396,65227,23098,40624,51302,20957,34789,2460,105,78.3,5.8,-0.5,7.43,6.8,3.6,12.1
62,Pas-de-Calais,211003.104,18.4,6216.2,532742.25,538958.45,122981,52332,8.4,173,39707.0,209319.39,14.37,50,35.52,16.25,54610,118420,218.34,185224.0,244006.0,245806.0,1129255.0,760.1,368496.0,2.9,2236.52,19.3,79.75,2870.0,363,9,30.01,2371,38687,82.34,18.0,720800,351,187204.0,7744.0,608027,5828.0,1601,479.0,19560,62630,36,16.2,16.2,47.6,46,124,820,188,707,44369,95.5,149900.0,10.22,1456555,1466743,28234,1474,64,24966,43724,19915,22220,26558,21941,27824,2995,6671,70.3,8.2,0.0,1.56,11.0,3.5,10.4
63,Puy-de-Dôme,70796.199,13.1,10225.6,259480.11,269705.7,49158,15656,5.0,318,11648.0,59605.14,8.86,140,27.98,11.08,23530,49100,84.38,85635.0,69816.0,76156.0,368361.0,532.2,104988.0,3.1,366.83,21.0,82.55000000000001,691.0,661,54,23.77,3558,47864,101.89,20.0,392038,109,90406.0,1482.0,294830,1004.0,351,142.0,22100,24170,0,10.88,14.5,56.4,0,0,229,19,729,24625,92.2,21692.0,3.29,672494,659048,33398,783,7,27174,46056,20387,24348,29119,21984,28453,799,7970,73.4,6.2,0.5,1.87,10.4,2.9,9.4
64,Pyrénées-Atlantiques,67244.661,12.1,14142.48,263581.27,277723.75,51111,15154,4.3,0,15958.0,55678.51,8.05,110,20.32,10.97,22220,49540,90.49,92573.0,93322.0,85610.0,402977.0,556.4,106468.0,3.1,339.24,22.15,83.7,793.0,692,0,19.01,3448,51108,123.08,19.4,413357,278,253073.0,1981.0,310494,1222.0,815,293.0,22110,23980,0,10.82,15.8,56.4,17,42,336,0,221,31973,94.3,11047.0,1.63,691770,679810,36140,780,4,26990,47995,20575,23726,29459,21918,28590,955,7645,74.9,5.7,0.5,1.01,10.5,3.4,8.6
66,Pyrénées-Orientales,80096.787,20.7,8663.77,151011.09,159674.86,43594,23420,9.8,127,12681.0,78826.31,16.24,50,29.2,18.12,24430,52510,117.93,61749.0,62613.0,63105.0,374581.0,747.2,154553.0,3.3,360.87,21.15,81.65,916.0,116,0,26.47,3410,50549,129.34,20.7,355661,115,180886.0,1540.0,222571,1251.0,432,136.0,19610,30230,0,17.9,19.7,47.7,0,553,187,21,401,22777,94.4,30238.0,6.35,485396,476357,31608,550,10,23961,41262,19955,22172,25387,20565,26642,681,4116,69.8,11.7,0.6,1.59,12.7,3.5,9.3
69,Rhône,213206.894,14.2,57414.17,739545.88,796960.04,132723,49294,5.7,7133,31428.0,199703.82,10.44,176,25.15,10.87,65330,147910,588.51,293702.0,207140.0,193625.0,1133220.0,569.5,329179.0,3.7,754.94,21.950000000000003,84.05,4466.0,2201,3405,22.31,14424,238813,69.59,20.5,937544,677,241888.0,4270.0,781975,2564.0,2240,265.0,23190,81390,12,10.35,16.3,63.2,44,914,3146,0,3643,57324,97.7,172035.0,9.25,1912073,1859524,167249,2208,43,30978,49007,21369,27525,33498,21975,29183,2339,3249,74.3,6.5,0.9,4.74,7.4,3.3,12.5
71,Saône-et-Loire,56165.181,12.9,7759.22,206540.07,214299.28,37045,10312,4.1,495,15983.0,44304.04,8.11,50,24.79,11.32,19270,40840,63.74,96874.0,65189.0,104738.0,365046.0,619.5,67849.0,2.8,486.11,21.200000000000003,82.6,1157.0,306,6,21.96,3896,37882,127.21,17.9,311966,124,119394.0,1528.0,247534,1095.0,532,148.0,21000,18970,6,11.14,13.0,52.9,0,96,242,8,419,25719,87.3,24655.0,4.46,546577,552185,26341,552,13,25525,44924,20085,22429,27611,22260,28143,501,8575,74.8,6.2,-0.1,1.56,12.4,2.9,8.8
72,Sarthe,58613.41199999999,13.2,5037.68,219288.15,224325.83,40758,12721,5.1,541,11205.0,55119.94,9.76,70,38.26,11.63,20930,44890,90.97,78702.0,71802.0,72856.0,334332.0,569.4,85047.0,2.8,570.62,21.4,82.3,753.0,437,0,33.89,2097,23843,98.3,19.4,293561,195,46125.0,1651.0,245525,1271.0,677,87.0,21210,22480,30,11.28,13.1,53.6,20,20,277,0,283,22987,93.2,29320.0,5.18,564588,565963,17453,606,7,25659,45029,20341,23047,27478,21826,27993,664,6206,74.7,7.1,-0.1,1.3,10.9,3.5,10.0
73,Savoie,35617.346999999994,10.1,9977.52,182744.54,192722.06,25195,5789,2.7,298,9265.0,24608.27,5.57,70,18.83,8.35,11600,31700,73.33,59455.0,54161.0,49370.0,227539.0,499.6,35938.0,3.0,181.53,21.950000000000003,84.05,639.0,1153,0,18.03,3303,34860,96.9,18.9,352254,120,79961.0,1034.0,193116,676.0,987,62.0,23210,16780,0,8.09,14.3,63.5,88,71,189,42,134,15671,89.7,12442.0,2.87,442054,433724,25551,501,4,27980,46623,21380,24359,30411,24187,28982,293,6028,77.0,5.4,0.5,1.07,8.8,2.4,9.7
77,Seine-et-Marne,130928.382,11.7,58317.59,572605.67,630923.26,86240,32720,4.7,4141,15428.0,116656.31,8.08,438,19.62,10.21,45440,104290,244.09,158369.0,164716.0,89918.0,670967.0,455.1,200425.0,3.1,711.64,20.95,82.65,3716.0,1331,158,17.05,7231,198467,58.44,20.4,626435,268,204974.0,3074.0,547953,2306.0,1185,287.0,23590,65490,0,9.91,17.4,67.9,178,170,527,217,2439,31890,100.0,90758.0,6.43,1443796,1412516,141581,1622,24,30041,47964,22385,27269,32029,23460,30470,1259,5915,76.5,6.7,0.7,3.02,7.0,3.5,12.7
76,Seine-Maritime,146595.184,14.8,13974.44,474129.36,488103.8,91872,41057,7.1,1627,28809.0,163603.03,13.05,170,37.54,13.95,49040,103520,199.71,135285.0,180528.0,168340.0,831868.0,652.6,270333.0,3.1,1444.93,20.55,81.15,2845.0,256,360,31.72,2769,69004,88.89,19.6,649681,351,,4486.0,539528,3300.0,2218,477.0,21300,54090,60,13.68,16.0,55.4,102,0,951,82,742,43012,94.6,98498.0,7.84,1253596,1255883,49013,1278,28,27501,47049,20552,24142,29652,23428,29613,2081,6277,72.7,7.9,0.0,1.86,10.4,3.8,10.8
93,Seine-Saint-Denis,356207.112,27.9,152138.2,502705.31,654843.51,119170,87694,11.2,9081,22390.0,326844.64,19.47,245,23.91,15.68,77970,168460,7111.72,194224.0,384897.0,196840.0,1428254.0,808.5,577768.0,3.8,623.0,20.05,81.2,6316.0,1401,6242,21.77,21551,505689,42.99,23.7,687238,366,181942.0,5763.0,600389,3883.0,347,423.0,18070,113540,0,15.13,23.4,54.9,177,170,982,533,1795,27287,100.0,620583.0,38.01,1678367,1632677,403120,1663,63,26364,44305,20844,25998,26590,20887,28765,2360,236,72.9,10.2,1.0,2.78,6.2,5.3,15.5
80,Somme,72074.7,15.9,4171.2,213603.5,217774.7,45418,18146,7.0,317,10002.0,70665.44,12.48,57,34.02,14.91,23730,48980,91.79,69099.0,78813.0,81405.0,391816.0,681.2,124453.0,3.0,586.68,20.15,80.65,901.0,145,0,28.75,1209,21761,91.27,19.0,303449,316,,2358.0,235449,1720.0,552,260.0,20540,25530,0,14.76,15.9,52.3,37,92,355,10,417,18755,88.9,36442.0,6.39,566328,570662,14576,605,9,25518,43961,20044,22754,27233,22193,28066,1092,6170,71.3,8.5,0.0,1.8,10.9,3.2,9.5
81,Tarn,47122.872,15.1,4758.26,142998.63,147756.88,29420,10639,5.8,25,11229.0,42028.3,10.69,30,30.0,12.71,14220,31800,68.26,65151.0,50780.0,58261.0,265739.0,654.1,69714.0,3.0,282.9,21.55,83.0,502.0,249,0,25.01,2330,25081,121.54,19.3,214423,87,59879.0,1270.0,172820,812.0,699,76.0,20650,17110,0,12.54,14.7,48.6,16,60,78,11,42,19358,92.0,18962.0,4.88,393046,388596,15593,439,11,25301,43441,19836,22806,27167,21081,27430,542,5758,73.7,7.8,0.3,0.42,12.3,2.5,8.6
82,Tarn-et-Garonne,33956.528,16.4,5220.87,95724.39,100945.26,19268,6452,5.5,0,6790.0,27531.42,10.42,33,27.48,12.78,11980,25310,71.06,44222.0,35505.0,38250.0,178411.0,632.8,43717.0,3.0,150.9,21.5,82.3,391.0,71,0,24.87,2660,23374,96.82,19.6,133522,90,,882.0,110741,600.0,113,128.0,20380,12350,0,12.48,15.4,49.0,41,31,66,24,198,10629,90.2,11745.0,4.53,264216,259124,17052,325,4,25106,43080,19905,22371,27009,21341,27560,373,3718,74.3,8.7,0.7,1.43,10.5,3.3,10.2
90,Territoire-de-Belfort,16211.16,14.7,2706.85,53742.28,56449.13,9691,4427,6.5,388,2965.0,15509.04,11.26,0,30.7,13.42,5600,11920,226.13,11284.0,15443.0,19920.0,87627.0,621.0,26642.0,3.3,158.44,20.35,81.44999999999999,287.0,0,14,26.47,1854,13704,91.55,19.4,73180,38,59481.0,438.0,60523,308.0,168,25.0,22050,6710,0,13.0,16.8,58.0,0,42,96,0,32,4473,97.4,14799.0,10.43,137714,141852,9052,166,5,28401,48369,20077,24185,31169,22489,28249,274,609,73.7,8.1,-0.3,1.21,10.3,5.7,9.5
94,Val-de-Marne,186039.85200000004,16.6,95503.99,529029.37,624533.36,78900,47516,6.5,9557,18373.0,160692.45,11.2,249,19.92,10.88,48520,107120,5854.49,137193.0,138143.0,138889.0,886219.0,578.3,287351.0,4.1,477.64,21.8,83.55000000000001,4531.0,396,3361,18.08,12683,303744,60.18,23.0,647289,298,666961.0,3240.0,564619,2151.0,590,267.0,23060,71350,0,10.24,20.9,67.7,124,383,590,366,2534,36144,100.0,143416.0,10.27,1434351,1396913,222687,1501,42,33124,51361,22337,31055,34651,22117,30556,1720,245,76.0,7.2,0.6,3.27,6.5,4.5,13.4
95,Val-d'Oise,165392.15,17.0,70720.45,462912.4,533632.85,73361,37238,6.4,2671,11894.0,139513.91,10.93,297,20.95,11.47,43620,101460,1024.51,150302.0,159084.0,89976.0,688549.0,513.4,242428.0,3.6,450.56,20.8,82.55000000000001,3819.0,1981,3028,18.49,5607,249595,49.91,22.1,517063,222,105801.0,3196.0,466251,2413.0,804,163.0,22220,67710,38,10.92,18.8,66.0,47,480,346,115,1685,25119,100.0,213026.0,17.2,1276534,1238581,177921,1292,41,30201,48789,22023,28320,31494,22298,30199,1276,1246,74.9,8.1,0.8,2.36,6.5,4.5,15.1
83,Var,134489.448,15.3,17499.9,383538.0,401037.89,79454,33229,6.0,1598,23064.0,117820.49,10.75,56,24.75,13.55,33120,82480,183.43,136760.0,118508.0,134811.0,670610.0,595.3,255020.0,3.4,551.5,21.0,82.2,2206.0,61,0,23.03,5480,82527,132.32,21.1,729223,317,,2066.0,492639,1420.0,593,224.0,21830,45330,0,13.33,16.3,57.4,30,119,364,110,194,49602,95.2,59797.0,5.6,1095564,1067697,56566,1132,21,26377,45297,20506,23594,28560,21668,28230,1233,5973,72.7,7.5,0.8,0.77,12.9,2.9,9.5
84,Vaucluse,87450.86099999999,19.7,11737.15,199861.5,211598.65,47397,17828,7.0,953,10231.0,69451.63,12.34,80,30.81,14.89,26460,58480,157.81,65499.0,72499.0,55069.0,359985.0,618.7,117024.0,3.4,324.12,20.95,82.6,1161.0,0,0,27.78,2793,62488,100.1,20.6,308505,249,370270.0,1432.0,244971,1035.0,145,184.0,20140,32320,18,14.39,16.8,51.6,43,134,224,27,157,20865,93.8,64064.0,11.44,562928,559793,42709,593,22,25941,44777,20303,23142,27896,21374,28175,679,3567,73.4,9.4,0.3,0.95,10.7,2.7,10.8
85,Vendée,50584.989,9.1,4143.92,271776.97,275920.89,46067,6921,2.2,627,14142.0,37991.52,5.43,120,26.0,10.14,22350,48120,104.07,96501.0,62972.0,77699.0,318279.0,439.9,50079.0,2.5,349.32,21.7,82.8,723.0,412,0,23.42,3036,17082,116.96,16.7,430815,133,,1455.0,306763,1120.0,210,136.0,21550,21450,0,10.03,10.0,53.8,66,64,143,61,107,29102,88.6,7302.0,1.07,699296,679991,11504,796,4,24454,43887,20120,22051,26153,21531,27168,527,6720,76.6,5.2,0.7,0.57,11.0,2.4,8.6
86,Vienne,49591.11,14.1,5221.74,168091.47,173313.21,33040,12512,6.0,79,9347.0,45278.16,10.29,50,32.7,11.35,13260,29920,62.97,44714.0,53694.0,51679.0,260263.0,577.1,83114.0,3.0,310.68,21.65,82.65,591.0,469,0,27.42,4030,23019,102.67,20.0,242907,186,142137.0,1580.0,187591,946.0,414,83.0,21140,14160,0,11.19,13.9,52.3,46,103,260,26,180,18686,89.4,23109.0,5.28,440164,437586,17886,528,6,25039,43436,19852,22628,26804,21284,27051,644,6990,72.3,5.8,0.3,1.37,10.6,3.1,9.1
88,Vosges,43826.768,15.2,3048.74,137052.83,140101.57,27295,10355,6.1,9,7451.0,37035.88,10.34,35,28.79,14.11,13680,28220,60.98,37650.0,50304.0,43438.0,210809.0,578.6,73643.0,2.9,323.25,20.15,80.95,529.0,87,0,25.62,1659,16646,122.25,19.0,214287,144,122489.0,1418.0,165206,1013.0,644,177.0,20420,14990,0,13.96,15.2,49.5,23,78,164,0,216,15167,87.8,12666.0,3.46,358175,366112,10929,325,6,24748,43128,19864,22059,26500,22108,27754,575,5874,74.0,7.4,-0.5,1.34,13.0,2.7,8.6
89,Yonne,37984.635,14.5,5375.35,123466.76,128842.12,23693,8980,5.8,192,8250.0,29628.43,8.98,37,26.29,12.71,11030,24110,44.44,48987.0,53360.0,48310.0,228160.0,657.4,60499.0,2.9,311.37,20.25,80.9,681.0,164,62,22.48,1619,24379,117.19,19.0,197718,98,,1586.0,149527,1198.0,387,82.0,20920,11920,5,12.56,14.9,55.0,105,55,105,0,73,14411,88.0,16211.0,4.8,330074,337504,16793,349,7,25085,43595,20200,22613,26767,21913,28315,410,7427,74.3,6.6,-0.3,0.69,13.2,3.2,8.9
78,Yvelines,112123.44,9.9,64805.44,575530.05,640335.49,70386,27237,3.7,3832,12844.0,98594.12,6.74,350,18.56,9.09,44870,99940,640.85,191986.0,124719.0,79011.0,665973.0,445.3,164808.0,3.9,575.9,22.05,84.19999999999999,2748.0,1048,2199,16.35,9731,209669,64.65,20.8,649383,163,21705.0,2430.0,579650,1729.0,1359,210.0,26970,64340,0,8.76,15.6,74.5,78,88,435,168,1609,39729,100.0,106557.0,7.39,1463709,1441398,153838,1557,22,40335,61642,22806,34473,44487,22840,32005,1326,2284,76.7,6.4,0.3,2.06,6.8,3.5,12.6
